H1,H2,H3,Pdeficit,f_drop_real,t_nadir_real
12.739,4.9806,8.0769,12.835,-0.424820800942578,4.9648
20.097,8.3539,6.065,15.264,-0.452970440870895,6.03173333333333
14.818,7.4904,7.9569,12.076,-0.376558158958504,5.52933333333333
19.907,3.4098,8.6832,22.526,-0.688114588056627,5.738
14.904,4.5831,5.5718,34.791,-1.26196279106071,4.8672
21.165,3.0111,3.1206,29.829,-0.980044056894256,5.1588
17.401,7.0783,3.4978,30.879,-0.999555377931786,5.2452
16.323,8.1907,6.289,13.936,-0.431563124238098,5.5944
14.373,7.2991,7.2116,20.756,-0.659889776224744,5.35893333333333
20.007,6.7918,7.2236,17.476,-0.521430635390674,5.97466666666667
15.521,8.2766,5.5243,16.913,-0.533861340865929,5.4132
22.637,3.7893,7.2926,32.36,-0.972974147366695,5.93933333333333
20.718,5.9546,7.2656,12.618,-0.37619858772891,5.96466666666667
17.46,7.3655,6.6583,17.89,-0.549831180275039,5.676
18.021,7.8077,6.3754,29.075,-0.888718287620671,5.76173333333333
16.786,8.0138,6.135,13.861,-0.428501986445771,5.60986666666667
15.777,7.8356,6.0976,17.406,-0.54678969801208,5.46066666666667
17.638,6.5124,6.6978,20.73,-0.642247417837934,5.59933333333333
12.514,5.7222,4.9296,33.205,-1.26827232352371,4.6104
22.303,3.4569,5.2513,29.183,-0.903593021814255,5.61893333333333
17.4,3.8989,8.9234,25.858,-0.808620807484558,5.52306666666667
19.425,6.5978,4.0147,25.905,-0.812174373323393,5.5004
18.283,5.6524,8.6464,19.435,-0.589760987647315,5.80573333333333
18.326,6.1873,6.8097,20.94,-0.644963189138493,5.65573333333333
15.079,6.8481,6.9119,25.888,-0.824113853486045,5.35173333333333
16.074,6.7783,3.8014,36.707,-1.29527809072156,5.0744
18.539,5.2884,4.7351,17.039,-0.543044928040108,5.31706666666667
14.364,8.4984,5.5375,24.055,-0.770028202808457,5.29666666666667
12.307,6.0218,7.2002,14.009,-0.465776959921254,4.92746666666667
16.071,7.6444,5.7274,13.435,-0.423050289364537,5.4264
19.388,3.3544,7.1047,37.349,-1.21847683609116,5.47613333333333
15.881,5.4466,4.8317,19.992,-0.658693942588459,5.00973333333333
19.694,6.9859,4.954,18.6,-0.570923605510675,5.692
23.409,4.9924,3.8851,34.777,-1.0706169488025,5.76946666666667
15.641,7.276,7.6398,10.582,-0.328518388219646,5.56213333333333
21.452,7.6406,3.32,18.91,-0.574886524123237,5.78426666666667
13.384,7.5322,7.1599,17.702,-0.568684338274052,5.25493333333333
14.197,8.7772,5.9339,16.327,-0.518464812045408,5.3592
19.368,6.5277,7.9317,14.976,-0.447524663451666,5.94933333333333
16.595,6.2501,6.7194,22.196,-0.698903228958646,5.4404
15.037,6.1574,8.1174,11.725,-0.369819163433689,5.40893333333333
18.648,5.4042,7.8139,18.42,-0.563260875173619,5.7188
19.436,7.2948,7.6934,12.449,-0.369363072158341,6.01773333333333
15.877,6.8904,7.6378,18.362,-0.572056097283365,5.54293333333333
14.804,5.9795,5.3407,31.521,-1.06520550709934,5.00386666666667
17.219,5.7604,6.4723,28.616,-0.904034683784153,5.42586666666667
13.918,8.0682,5.9512,24.266,-0.781735127837277,5.23666666666667
14.423,6.5164,5.5415,30.575,-1.0185268939446,5.05013333333333
14.876,4.5498,3.2338,17.072,-0.593256338056325,4.53733333333333
19.311,5.043,5.5423,21.781,-0.682714610602321,5.4804
13.347,7.6217,6.7006,24.489,-0.792247955398035,5.2024
18.009,7.0232,7.0683,17.845,-0.544367528800771,5.74586666666667
14.441,3.7548,7.3591,17.794,-0.590736027169546,4.92853333333333
18.481,5.1384,6.5509,18.07,-0.563817901240637,5.5132
15.881,6.7339,7.4048,22.24,-0.696760206960242,5.49466666666667
17.027,4.0057,5.0311,23.264,-0.767542463240107,4.99493333333333
14.147,7.8986,5.6721,27.453,-0.887621171853802,5.20773333333333
22.533,5.1296,8.5268,23.492,-0.685563801756932,6.21666666666667
17.846,7.2225,6.966,18.115,-0.553151364647578,5.7372
16.385,7.4368,6.0634,15.059,-0.471680679375612,5.47786666666667
22.744,6.1844,8.5666,32.253,-0.931345137045907,6.3616
23.771,3.7756,4.6326,36.823,-1.14257654873398,5.75413333333333
16.621,5.194,6.4853,32.64,-1.06105568042302,5.28066666666667
21.132,8.9813,5.3425,24.849,-0.731893129494681,6.1332
17.326,7.3519,3.975,29.608,-0.946124331004618,5.32466666666667
19.716,8.0922,6.1685,32.413,-0.972157432953682,5.96386666666667
15.909,6.8997,7.098,24.495,-0.768886632360348,5.47973333333333
19.852,6.8296,6.234,20.404,-0.617074271798042,5.84026666666667
18.269,6.9535,7.2151,20.927,-0.636361206753607,5.784
15.387,6.203,7.8752,18.373,-0.579151333455331,5.42506666666667
15.234,7.7332,8.7671,14.401,-0.441456209612428,5.69986666666667
18.925,8.0056,7.2082,11.556,-0.343971007804555,5.98173333333333
19.27,5.6553,8.1526,16.89,-0.509158932388075,5.85853333333333
12.582,8.8003,6.3444,15.53,-0.50137565385299,5.20693333333333
16.967,8.9022,5.2691,18.011,-0.55596339513894,5.62813333333333
17.438,8.8493,6.5586,13.704,-0.414285331946564,5.83093333333333
17.322,4.8248,5.9066,23.445,-0.752721461771273,5.24773333333333
20.734,5.4241,6.5585,10.998,-0.332269448101073,5.81533333333333
14.297,7.9503,8.5273,10.484,-0.324898504266729,5.58373333333333
13.285,5.2077,7.0264,25.426,-0.848017953183435,4.92066666666667
23.081,6.0924,5.374,29.279,-0.870914926979344,6.02746666666667
14.782,7.4056,7.2009,20.143,-0.636101188479415,5.41386666666667
16.008,5.9347,3.9782,29.603,-0.989168182030991,4.97306666666667
17.225,6.5797,7.0744,21.258,-0.658462203601176,5.59586666666667
12.523,3.9204,5.0196,23.571,-0.840507926762163,4.36466666666667
12.167,8.0482,4.5121,23.31,-0.785741021202315,4.81493333333333
20.853,4.3507,7.5758,14.69,-0.443716115213245,5.822
22.862,4.3236,7.521,38.579,-1.15753185941469,6.04533333333333
19.309,4.0035,7.1256,28.718,-0.895936954923306,5.542
14.587,7.4594,7.831,27.498,-0.865158332847808,5.47346666666667
17.006,4.0789,8.9908,35.198,-1.1273738046379,5.4976
22.644,5.4705,8.1278,27.347,-0.798519030297201,6.2188
20.274,6.2997,7.6232,29.632,-0.885267834768056,5.9864
23.02,5.9687,8.3212,30.778,-0.88998945539246,6.3376
16.515,7.3295,7.4366,14.243,-0.438552044430613,5.64333333333333
17.139,4.4659,3.7119,31.922,-1.1014078556767,4.89253333333333
13.107,7.9667,8.8907,11.222,-0.351486282731437,5.4836
20.343,6.9876,7.6752,10.967,-0.323472804525479,6.07866666666667
22.263,3.7628,3.9458,12.426,-0.388552983926324,5.4844
22.686,3.7388,7.2681,33.249,-1.0005945767374,5.9276
16.568,4.5812,5.1994,26.084,-0.858651277747383,5.02733333333333
13.767,7.5714,7.0293,26.187,-0.839736441000879,5.28506666666667
17.959,5.8657,6.6822,24.405,-0.759755614753545,5.5492
18.562,8.8333,4.2489,30.784,-0.947510979321894,5.68613333333333
13.406,7.6836,7.9345,14.453,-0.458344223225325,5.36693333333333
22.056,5.9272,8.4277,38.13,-1.11805785731633,6.23653333333333
21.009,7.6931,4.0718,19.59,-0.593388077711643,5.81973333333333
16.375,5.6579,8.4349,27.322,-0.852464574650216,5.54413333333333
14.14,7.7743,8.5767,30.166,-0.943761353903969,5.5468
17.562,3.745,8.2635,29.869,-0.943904700623184,5.43413333333333
15.269,6.1761,5.8096,30.785,-1.0105820576512,5.1432
19.568,4.3176,7.7575,33.947,-1.04993762847143,5.6852
20.611,4.4713,7.7743,28.563,-0.865640233908916,5.8288
22.044,5.3215,7.7568,35.426,-1.05055282773916,6.09053333333333
20.928,8.7326,5.4818,28.003,-0.828274770768472,6.0928
19.035,5.4337,5.1609,26.259,-0.827377926138796,5.44093333333333
16.252,7.402,5.4526,21.633,-0.685366660666953,5.37626666666667
16.941,5.1998,8.4716,21.166,-0.657851900416958,5.56093333333333
20.515,8.0075,5.8553,11.824,-0.351067194184583,6.0052
22.589,8.9883,4.1092,20.551,-0.60288789498826,6.15413333333333
15.541,3.9824,4.2558,24.544,-0.840179542792495,4.68426666666667
13.722,8.0459,4.5421,29.045,-0.963467050502135,5.0208
16.239,6.3015,4.5502,21.258,-0.691699669545087,5.12146666666667
20.09,8.0474,6.3317,20.903,-0.621568744736961,6.01493333333333
17.391,4.6185,7.0306,19.637,-0.621616756584231,5.3672
20.95,4.7498,6.2287,24.878,-0.761126984355439,5.71813333333333
12.785,8.5812,6.4782,14.927,-0.481011264920019,5.21706666666667
20.164,3.3216,8.3496,14.349,-0.438052454040304,5.70693333333333
16.377,4.1279,6.4381,22.744,-0.740796566779813,5.102
12.215,8.3995,5.2268,38.484,-1.45358465398602,4.95893333333333
19.512,7.6276,7.2549,18.178,-0.540431770668919,6.006
14.06,7.5857,7.7569,28.72,-0.909859495172656,5.41173333333333
15.835,3.7456,8.7352,40,-1.40828276997589,5.27626666666667
16.275,7.4533,5.3466,25.528,-0.80987555529392,5.37106666666667
13.206,5.6495,7.1021,23.963,-0.793441115496533,4.97386666666667
18.209,6.0027,7.5294,28.281,-0.868566980471521,5.69533333333333
12.362,6.0849,5.7781,27.165,-0.931479492147456,4.7436
23.72,4.3951,6.567,12.261,-0.362016110745751,6.03866666666667
16.11,5.9991,7.4621,13.242,-0.416098537686915,5.43213333333333
18.113,8.0419,3.7835,35.258,-1.12517764462372,5.47706666666667
19.969,8.1859,7.0327,12.196,-0.358942460085695,6.096
20.816,3.2969,6.8823,25.47,-0.787828945775383,5.60506666666667
16.594,6.3049,6.8398,28.108,-0.884672221903396,5.45213333333333
15.399,8.6371,5.896,25.348,-0.795847946150202,5.47573333333333
18.813,8.7501,4.2076,22.536,-0.690937912235802,5.69786666666667
17.447,8.6617,5.6644,17.248,-0.528295271753388,5.69813333333333
18.362,6.2993,8.8554,22.23,-0.668124142787334,5.9032
20.802,5.0367,7.9491,30.841,-0.925773672580795,5.93426666666667
17.616,8.81,6.1431,24.078,-0.732075152456616,5.7916
22.429,3.8671,8.5648,28.493,-0.844465424186002,6.05733333333333
19.852,7.8866,6.7771,23.138,-0.688043805911649,6.01773333333333
14.766,3.0717,3.4577,31.397,-1.24276571477381,4.3348
16.373,7.7937,5.9441,24.997,-0.782698997228982,5.49653333333333
21.438,4.1721,3.2701,25.808,-0.823194344980266,5.34466666666667
12.739,7.504,5.3023,27.21,-0.909929439579065,4.91733333333333
16.68,7.7833,6.0819,23.49,-0.731289888439702,5.54893333333333
20.871,7.5713,4.1271,25.124,-0.763871316010536,5.7908
15.972,8.9457,5.4708,28.172,-0.879994850278993,5.5296
18.575,8.1386,7.1115,19.529,-0.584605346771503,5.9372
17.25,4.733,7.9945,11.346,-0.354400755795347,5.4792
21.065,4.5079,8.117,20.417,-0.611397507133378,5.92133333333333
16.041,6.5508,8.4571,17.989,-0.55607666576499,5.6092
19.489,7.6521,5.4859,39.526,-1.23230726393175,5.79693333333333
17.526,8.3316,7.3922,10.873,-0.326887109258593,5.86986666666667
18.159,8.183,7.0046,22.01,-0.662915644167597,5.88106666666667
22.68,5.4105,7.2906,15.505,-0.45527848352087,6.1148
23.533,5.813,8.3072,21.658,-0.622407167778108,6.36853333333333
15.884,8.4828,6.06,26.62,-0.83095378157436,5.53333333333333
20.277,8.9938,6.1856,31.426,-0.92734344611409,6.12306666666667
16.357,5.6217,8.5694,28.519,-0.88947617688127,5.5476
13.778,8.7258,6.4191,16.187,-0.514112468184285,5.34746666666667
13.035,7.3998,4.8638,28.792,-0.973980779145129,4.88253333333333
19.751,5.6802,8.2959,14.825,-0.44338330291644,5.92413333333333
20.717,7.0558,8.1138,18.55,-0.542683263180289,6.1708
15.297,7.3208,7.588,28.999,-0.908779974515262,5.5052
18.733,8.8144,3.8596,35.22,-1.09586341052186,5.65026666666667
12.809,8.6903,6.4208,29.025,-0.94012291901004,5.22106666666667
13.343,7.7517,8.1742,23.88,-0.75683858895045,5.38973333333333
20.394,5.1624,7.9206,37.266,-1.13383194574779,5.8944
23.911,5.2966,3.6898,36.995,-1.13618958394282,5.82666666666667
20.004,4.2325,7.984,26.489,-0.808108394511,5.74666666666667
21.124,8.4849,5.2163,34.054,-1.01264955320188,6.04933333333333
13.7,8.6484,6.1068,30.315,-0.975768745511036,5.28773333333333
18.429,5.9571,7.7611,31.125,-0.952508126596455,5.73733333333333
18.528,7.1861,3.0084,28.638,-0.913704559125445,5.32066666666667
19.99,6.8508,7.5906,33.531,-1.00081487985845,6.0036
16.043,5.496,3.3752,26.471,-0.89199108573097,4.8292
12.932,5.7761,8.3446,21.73,-0.70853344288812,5.1088
19.762,5.7824,7.7174,31.767,-0.959819363613054,5.86773333333333
17.521,8.0948,4.7486,24.737,-0.771973017113505,5.52253333333333
15.086,7.4779,8.8971,34.957,-1.09085662445258,5.6548
18.646,4.3214,8.5209,34.591,-1.07590661023618,5.658
15.372,4.0719,7.826,13.815,-0.447324882246439,5.13626666666667
14.772,4.2489,3.1882,26.132,-0.92900004439842,4.45893333333333
19.808,6.3518,5.4383,14.978,-0.459405530615444,5.6708
13.92,7.858,7.5754,13.279,-0.419140400277135,5.39786666666667
20.12,7.5244,7.4144,23.465,-0.693612638060106,6.074
17.33,6.9055,3.8617,22.98,-0.737791251469691,5.24066666666667
23.998,6.4248,8.7893,32.396,-0.919985148094904,6.53413333333333
21.271,6.9533,8.2649,19.383,-0.563626534875561,6.23493333333333
21.211,6.3984,7.0465,14.992,-0.443840690986265,6.0276
14.855,8.2252,6.5311,22.327,-0.703476905938563,5.4288
20.609,8.1699,5.2886,39.49,-1.19896410525915,5.95946666666667
15.432,5.6863,5.0601,34.303,-1.19156431724395,4.99386666666667
19.113,7.2527,8.3044,27.781,-0.82565042660854,6.0284
14.877,5.8125,7.5625,23.561,-0.755280102314358,5.25906666666667
17.248,6.1828,6.1592,29.001,-0.914793560377541,5.4256
15.097,7.799,8.2202,21.449,-0.663577567029437,5.6112
19.213,6.0948,4.0963,18.712,-0.590335193270252,5.4024
20.412,7.9138,6.2524,22.886,-0.680082802924384,6.01733333333333
19.214,3.8896,4.9214,12.598,-0.403477596483299,5.22946666666667
12.196,7.7812,6.8327,38.791,-1.42403884063539,5.07426666666667
22.859,3.2222,3.5313,14.253,-0.44785650076529,5.4272
18.727,7.9325,7.7773,12.351,-0.366504183746098,6.0004
18.596,5.5238,6.758,31.277,-0.972064938732213,5.58133333333333
16.174,5.7211,4.3243,21.281,-0.700919383299798,4.9972
13.986,5.6402,7.1235,27.11,-0.8891123627931,5.0656
17.672,5.7096,8.904,24.269,-0.740117593755022,5.74866666666667
16.333,7.2788,7.7044,28.335,-0.875419372673101,5.63306666666667
16.477,7.9084,7.7331,11.04,-0.336403830010355,5.72866666666667
22.527,5.8948,8.7602,39.518,-1.15156138273777,6.30853333333333
21.867,4.2634,3.3757,31.21,-0.992507454598579,5.41266666666667
20.754,5.6807,6.5505,22.427,-0.677638748900419,5.83053333333333
21.744,6.3459,7.8081,17.143,-0.5011004110822,6.1648
22.686,8.4188,3.7077,20.298,-0.600963975074658,6.0416
18.582,7.9283,4.1131,10.934,-0.338940921186352,5.54866666666667
20.687,5.9017,6.6355,32.691,-0.988727254348949,5.858
19.8,5.2968,6.1645,36.721,-1.15390052421057,5.62546666666667
13.161,5.1405,7.6928,28.036,-0.934057462270587,4.96613333333333
13.205,8.5058,5.7527,31.847,-1.05218641778914,5.15573333333333
15.798,8.0769,8.9236,13.242,-0.400794724684595,5.80773333333333
21.011,7.5876,4.5529,10.959,-0.329809188390286,5.84893333333333
19.166,5.961,3.2215,25.632,-0.821324235618182,5.2672
17.542,5.0946,8.9619,15.583,-0.477901800843307,5.66506666666667
23.73,5.2245,8.4598,21.495,-0.619028071725918,6.3324
15.703,5.8663,5.4289,34.32,-1.16494965040043,5.0952
15.239,4.2048,6.4231,36.523,-1.32270916873487,4.94826666666667
18.311,8.9608,4.9793,21.124,-0.643937805777715,5.74213333333333
16.888,6.3815,3.3331,34.634,-1.18870835399346,5.0436
20.696,3.2284,3.4284,22.513,-0.730901908689386,5.14
17.264,7.8685,5.2584,20.365,-0.634672275293762,5.51853333333333
19.982,6.8963,8.6747,26.809,-0.788989497996934,6.1236
21.728,6.5042,7.3838,14.162,-0.414854717031532,6.13053333333333
13.446,8.4377,4.5937,28.953,-0.95779481342424,5.02706666666667
16.483,4.5067,5.4694,36.47,-1.28972897903769,5.02466666666667
16.078,8.7772,6.6939,16.966,-0.521251691917733,5.65773333333333
19.855,7.5601,8.9917,29.608,-0.864536754490802,6.21906666666667
20.731,8.9875,3.5492,13.073,-0.392870908992506,5.86053333333333
19.261,5.5431,4.9198,14.91,-0.46792538920885,5.43626666666667
23.378,3.1283,8.2573,23.281,-0.689176883798943,6.03306666666667
14.439,5.8261,8.0306,12.29,-0.392866807463519,5.25826666666667
23.545,6.0165,8.2474,37.07,-1.0693730501612,6.3736
14.423,7.7754,6.4291,31.306,-1.00719614875946,5.29946666666667
19.187,4.4961,5.3606,37.328,-1.23492983091454,5.35133333333333
20.165,5.71,5.7643,14.453,-0.442808352023957,5.66733333333333
20.692,8.997,6.8129,16.477,-0.478977980891497,6.22866666666667
16.946,7.4489,5.8439,25.11,-0.784931026364051,5.498
22.527,5.7246,7.2717,26.798,-0.788193958247222,6.11813333333333
18.745,3.4599,4.6713,19.506,-0.635420325277469,5.07666666666667
20.937,8.2301,5.7215,27.546,-0.816910419645736,6.046
20.339,7.883,8.8635,20.647,-0.59722072174319,6.29293333333333
23.76,3.9551,8.1271,29.262,-0.858277038904337,6.15386666666667
20.38,6.292,7.3219,37.661,-1.13790230052534,5.94293333333333
20.681,6.4128,8.9819,31.323,-0.917953502513469,6.17986666666667
15.674,8.2015,7.0245,17.625,-0.545854114644843,5.57746666666667
21.737,3.5147,6.1797,34.24,-1.06316571427026,5.6412
15.533,8.456,6.5174,28.935,-0.90303278315166,5.5296
20.474,5.7249,6.2039,26.677,-0.812516235488572,5.75666666666667
16.222,5.8119,8.934,33.709,-1.05453564236421,5.58533333333333
17.622,8.7115,5.4103,31.435,-0.966791249239804,5.67826666666667
23.001,3.6132,6.9798,11.47,-0.343051601104888,5.89586666666667
13.458,8.8349,3.6509,32.342,-1.10964371675726,4.9544
13.197,8.9613,6.3249,32.159,-1.04432394014686,5.27933333333333
19.718,3.5745,5.221,16.248,-0.517156446208958,5.28306666666667
19.692,8.8286,4.1586,11.768,-0.356049124601983,5.78853333333333
22.412,6.6237,8.0655,13.365,-0.385401856480816,6.2932
12.347,6.3338,7.2405,24.621,-0.816337695383959,4.95106666666667
21.386,7.4757,8.6277,20.379,-0.586858376454365,6.33586666666667
21.095,4.7993,8.2434,36.746,-1.10589883187541,5.95773333333333
14.92,5.2794,8.9523,39.029,-1.32490663493367,5.36173333333333
20.822,7.6102,4.8274,27.96,-0.844219484333663,5.8556
16.694,6.6023,5.1135,29.278,-0.938431981030775,5.26906666666667
13.267,5.773,8.874,19.833,-0.638856919023743,5.20653333333333
20.271,8.8945,6.6948,35.61,-1.04786146146978,6.1536
17.381,6.6623,6.0172,24.298,-0.760866786077006,5.47346666666667
17.52,7.5613,5.0243,12.584,-0.392831370554407,5.47893333333333
23.035,4.8303,8.3743,12.706,-0.369321057587637,6.19613333333333
20.795,6.6259,8.9223,33.777,-0.988015319911032,6.20773333333333
17.203,6.7058,5.6359,13.644,-0.428969500483591,5.41
19.709,5.5045,5.4602,31.391,-0.978938414931828,5.54786666666667
20.179,3.3409,8.919,12.4,-0.375730003214943,5.7588
21.288,6.8857,7.1452,20.06,-0.590603267649353,6.092
20.99,7.4754,7.6249,25.703,-0.751954000083569,6.17906666666667
17.883,7.0587,7.6833,28.426,-0.864416200616246,5.78066666666667
13.118,3.2567,8.4446,29.816,-1.03313523491275,4.804
20.452,5.5557,6.2003,33.727,-1.03392260757351,5.73133333333333
14.651,7.203,8.099,34.73,-1.11132273944255,5.45973333333333
21.299,7.7542,4.3547,26.32,-0.792923260166645,5.872
18.401,8.9873,5.2068,23.924,-0.726967779720583,5.7768
23.421,5.1776,8.4032,34.778,-1.01044818744171,6.2804
16.239,8.8053,6.5375,29.688,-0.914748984844648,5.65626666666667
17.205,4.9247,8.6133,26.237,-0.81529141264488,5.55533333333333
15.127,7.7623,7.3309,30.94,-0.971173595558404,5.49173333333333
19.647,6.2141,3.5641,15.712,-0.495161119596183,5.39386666666667
22.241,4.1513,3.5798,10.349,-0.323710514528763,5.46106666666667
23.308,3.3861,4.2717,14.831,-0.457858540642769,5.58173333333333
19.051,7.9258,6.3592,38.289,-1.1714207455025,5.86253333333333
22.195,8.1075,3.771,24.349,-0.727558233418608,5.948
22.91,5.3652,7.2738,22.16,-0.650719389892062,6.11653333333333
17.133,7.2327,5.1855,19.089,-0.600972708171644,5.40893333333333
19.047,5.8704,4.3701,35.873,-1.16421030619211,5.37626666666667
16.868,7.2431,7.1788,33.604,-1.04372263797045,5.62026666666667
18.585,3.2424,4.5615,16.919,-0.554445594819448,5.00893333333333
13.412,5.9905,8.2174,20.058,-0.648548064043837,5.16693333333333
12.979,6.4654,7.7205,16.624,-0.540378848467242,5.1088
18.018,8.0297,7.5124,28.569,-0.859916254710196,5.888
13.013,8.0694,8.874,27.149,-0.854266619597131,5.458
17.851,4.0257,5.4832,33.208,-1.10423491347168,5.13333333333333
15.954,7.8734,8.8815,27.298,-0.830207450251831,5.78813333333333
21.327,4.2777,6.2703,30.622,-0.939702500405327,5.68933333333333
19.24,8.1651,7.0205,37.066,-1.11149553104642,5.9872
22.612,3.6303,5.1713,35.598,-1.11046733578916,5.634
13.811,7.5745,6.6642,32.144,-1.05052769664313,5.2204
20.788,7.0991,6.1988,12.889,-0.383970914441,5.948
21.675,7.4076,3.3329,15.616,-0.474308346956014,5.7528
21.308,4.9659,6.1761,23.383,-0.710743142107209,5.7568
22.902,6.7786,8.5757,12.851,-0.366259842711266,6.4156
18.098,5.3131,6.1314,30.338,-0.958630145729444,5.406
16.027,4.2654,4.6781,32.752,-1.15414374336221,4.82053333333333
14.465,6.5908,6.1416,31.602,-1.04478281573184,5.1112
20.771,7.2295,6.0772,13.476,-0.401559149112416,5.94626666666667
20.578,7.7131,6.3566,36.852,-1.10097806454349,6.01173333333333
18.844,7.2656,3.1777,11.133,-0.350860102568406,5.37413333333333
20.361,7.5903,8.508,34.984,-1.02267975411414,6.21626666666667
20.528,3.0311,3.3967,33,-1.1093486270998,5.0796
17.24,8.6311,7.3779,19.139,-0.576795967515422,5.8492
21.775,4.992,6.3125,12.958,-0.389935332407554,5.82933333333333
12.961,5.1567,6.3863,32.069,-1.14592444993986,4.75706666666667
22.442,6.7995,8.2338,19.613,-0.564584460148451,6.3284
19.717,8.1705,3.1198,35.876,-1.12702330035931,5.58306666666667
20.129,4.3959,8.7691,34.878,-1.05756832367713,5.85413333333333
14.448,5.6649,8.272,12.789,-0.408358453538126,5.26013333333333
20.618,6.895,6.3449,32.112,-0.964254883863399,5.9192
14.36,8.1453,8.2406,15.856,-0.492254256578928,5.5508
19.388,7.5425,8.7075,28.527,-0.839416071066163,6.1224
14.05,4.304,6.8245,34.309,-1.23425204969501,4.84613333333333
20.125,6.7287,5.1388,27.037,-0.828133171358326,5.7
20.958,8.2214,7.9315,17.816,-0.514753968124673,6.28693333333333
19.135,7.8181,8.7699,10.356,-0.302889605185666,6.1316
12.691,4.8084,7.0138,32.163,-1.15151289682097,4.75693333333333
19.202,4.048,7.484,36.326,-1.15348094212424,5.5488
17.11,7.6099,7.883,30.427,-0.926593631844786,5.77173333333333
19.283,5.4902,8.706,21.703,-0.652131773934997,5.87413333333333
15.507,5.7334,7.0823,30.34,-0.977102004294671,5.25106666666667
23.849,5.0597,8.7177,13.412,-0.384433145807949,6.3432
15.303,6.7752,5.6329,34.582,-1.15735092517867,5.1736
22.608,8.2758,3.742,35.228,-1.05074625150019,6.00613333333333
23.472,4.6537,3.934,32.011,-0.984602183109942,5.70693333333333
21.467,6.7071,7.0315,20.72,-0.610870932924345,6.07213333333333
22.276,4.551,6.8163,23.786,-0.713155727060896,5.89266666666667
18.287,4.9127,8.2617,10.118,-0.310171288084262,5.63546666666667
21.045,8.1345,6.8059,18.713,-0.547141354094992,6.15973333333333
17.714,6.9546,3.9081,30.039,-0.96166138722064,5.28186666666667
22.2,7.586,7.7804,10.94,-0.313847018233471,6.33533333333333
18.87,7.7029,3.7663,14.425,-0.449042211563626,5.49906666666667
14.827,4.5911,7.5674,37.831,-1.34862496956505,5.0796
12.764,8.4257,7.3208,21.104,-0.675389670079864,5.27266666666667
21.754,6.3511,7.4744,31.135,-0.916849795185477,6.11293333333333
15.206,4.487,7.8969,36.279,-1.24305430459644,5.1564
16.462,6.3782,5.7979,33.878,-1.10138558459499,5.2884
17.216,6.9495,5.7078,25.29,-0.794089063440286,5.44133333333333
18.73,5.3299,4.0853,15.873,-0.508717365751989,5.2264
23.734,7.2605,8.9336,11.035,-0.309237979677781,6.59093333333333
20.115,6.4424,3.2675,25.154,-0.790429275099003,5.4352
13.162,8.6962,4.5389,38.523,-1.42249230398904,5.00253333333333
19.238,3.9349,6.4783,34.208,-1.0935533383811,5.41346666666667
17.18,6.7676,4.5559,25.689,-0.821039623183686,5.27093333333333
22.99,6.3197,8.067,14.743,-0.424031431152545,6.31266666666667
16.729,5.8574,8.3886,35.788,-1.12881185782668,5.5744
23.361,4.1958,5.6739,35.607,-1.08065925785148,5.84186666666667
23.469,6.0447,7.894,38.418,-1.11409261498855,6.3156
17.015,7.7453,8.583,23.11,-0.69664973517997,5.8544
23.895,5.978,7.9335,29.201,-0.839714230981622,6.35906666666667
13.809,6.1658,8.3215,16.407,-0.525213332038637,5.24346666666667
18.889,8.1821,8.0925,19.384,-0.571929608892342,6.06346666666667
23.966,5.1606,8.3911,25.58,-0.736710320115933,6.32693333333333
20.09,5.8138,5.4656,18.521,-0.569978765267534,5.6204
20.256,4.8052,8.1877,38.333,-1.17674657754957,5.84266666666667
17.005,6.5055,5.3025,27.314,-0.869839195270629,5.30786666666667
21.616,5.6598,6.7757,22.815,-0.681107691366341,5.93573333333333
20.812,7.4021,6.3573,30.759,-0.915993141476115,5.99546666666667
21.182,6.7495,6.7751,27.888,-0.828275220062876,6.01093333333333
22.466,6.5976,8.487,23.45,-0.675181222198314,6.33013333333333
12.363,6.1913,4.8864,31.977,-1.18428555001086,4.60613333333333
20.284,5.5964,8.1788,24.222,-0.723378601265578,5.93586666666667
20.815,7.225,5.8537,18.3,-0.547204637442619,5.91653333333333
23.847,5.4076,7.7226,19.633,-0.5675961514178,6.2656
19.216,5.5584,8.9528,30.027,-0.902203551361529,5.8968
19.147,5.9511,3.5184,39.106,-1.33451847278037,5.28173333333333
18.738,8.2224,8.83,11.36,-0.332199937604091,6.1324
21.797,5.4441,8.3703,39.687,-1.18108518883253,6.112
12.252,6.1558,7.2628,30.298,-1.0305625960558,4.90373333333333
17.017,5.0372,5.9204,38.763,-1.34848191844962,5.20053333333333
20.986,7.1544,6.7692,36.992,-1.10195257492859,6.03213333333333
22.271,3.5029,6.441,36.26,-1.12062317133228,5.71893333333333
16.025,8.3539,7.4188,21.591,-0.662306758098992,5.6692
17.198,7.4999,4.1808,37.91,-1.27068575364319,5.3136
22.62,7.9202,8.0841,10.962,-0.311150557202157,6.44546666666667
15.847,8.3112,8.7756,20.763,-0.628776081056474,5.80306666666667
14.36,6.2909,8.4479,12.466,-0.394472031593252,5.34053333333333
21.741,7.8064,4.2267,21.927,-0.657094275459668,5.9008
21.496,7.5039,7.1358,19.443,-0.567600217720493,6.17
20.832,6.7419,3.2273,12.944,-0.40055870050352,5.54893333333333
16.748,3.6905,8.452,37.959,-1.28049619627483,5.31426666666667
23.736,8.9951,3.8728,34.92,-1.01914717423389,6.22213333333333
12.934,5.711,6.3179,31.372,-1.09597730758177,4.80813333333333
17.192,7.8373,7.6108,34.654,-1.05933182760997,5.76733333333333
16.826,7.6631,7.6554,34.493,-1.06131086983013,5.70866666666667
17.91,5.0025,8.6391,25.681,-0.789944233910868,5.63746666666667
23.009,4.7168,7.9142,26.752,-0.785557461068887,6.1124
22.202,7.2423,8.4481,34.358,-0.989381411828909,6.36306666666667
13.421,8.3083,7.6092,26.259,-0.832329314085997,5.368
16.667,5.4488,8.9023,34.435,-1.07936413970113,5.5728
21.243,7.6133,4.9022,19.394,-0.581008531372657,5.8964
23.006,7.8547,8.7814,17.021,-0.479468984289059,6.5524
16.824,8.5938,4.1011,37.698,-1.24088985641687,5.3896
16.679,6.719,6.6542,34.228,-1.08628630771098,5.45506666666667
17.979,3.4183,5.5848,33.561,-1.13065813246279,5.07026666666667
15.281,7.4944,5.4232,35.258,-1.17394860081105,5.2248
14.922,8.8952,6.92,18.754,-0.582459587201975,5.53746666666667
21.179,5.1026,6,19.396,-0.590113639403551,5.72186666666667
13.263,7.0497,5.0985,31.948,-1.10829573635359,4.86426666666667
16.292,5.7268,4.8625,37.232,-1.31441846286092,5.05586666666667
19.425,8.2139,8.5717,17.139,-0.499812102216937,6.17386666666667
18.402,4.2858,8.2851,38.486,-1.23720633499658,5.5648
21.905,8.9486,6.4552,15.287,-0.440566237080989,6.29573333333333
16.799,3.2257,7.0893,31.437,-1.04126315313203,5.08506666666667
21.348,7.7404,5.3548,16.95,-0.503625777737953,5.97253333333333
22.155,7.2272,7.5308,20.201,-0.58503169819503,6.25106666666667
21.35,8.002,6.1946,22.702,-0.667667115627869,6.09773333333333
23.207,7.8231,8.6447,16.023,-0.451008397937155,6.55213333333333
15.165,8.5919,7.0487,29.739,-0.925557955138064,5.54293333333333
21.575,8.2433,8.5122,31.645,-0.906819226890552,6.4064
22.919,3.096,5.839,28.218,-0.864493331186646,5.66866666666667
20.96,8.6168,3.1043,12.797,-0.387037782235691,5.76653333333333
12.514,8.5138,7.5316,29.674,-0.954304409444759,5.26626666666667
22.71,4.7596,8.933,15.05,-0.43698861868612,6.1928
18.559,8.6007,7.822,32.416,-0.961936549777339,6.032
14.472,8.5598,4.0204,38.547,-1.38567693195118,5.07426666666667
20.606,7.6006,8.3643,39.662,-1.16495703195364,6.21066666666667
21.721,5.5223,6.4849,18.936,-0.566727002294702,5.8872
20.505,6.6213,5.4977,32.977,-1.00513895811999,5.75813333333333
21.289,8.0436,7.1187,34.326,-1.00327817295635,6.19706666666667
19.696,8.5613,7.9336,31.779,-0.930771931923994,6.16786666666667
13.319,7.183,8.7329,14.874,-0.470326377921177,5.34893333333333
14.304,5.8824,8.8493,19.488,-0.618215153052195,5.32413333333333
18.774,5.513,3.2487,36.035,-1.22207800522653,5.13546666666667
16.728,3.7049,3.2837,27.386,-0.949762173629953,4.6324
13.418,5.0317,6.6574,32.92,-1.16641318413644,4.81933333333333
19.586,5.395,4.917,21.942,-0.688146132248038,5.43
17.25,6.4913,3.6925,38.077,-1.33314640231315,5.12186666666667
18.704,5.0762,8.1302,30.463,-0.934442999841352,5.67266666666667
16.367,3.4754,3.1358,17.745,-0.613598258343257,4.53053333333333
13.827,8.7567,7.1715,25.647,-0.808252596369724,5.41213333333333
22.713,8.7562,5.0283,16.88,-0.490684013750758,6.2008
15.185,8.7938,7.4236,10.868,-0.334216448876729,5.6116
23.769,5.4917,7.3144,11.9,-0.344811240225198,6.20893333333333
19.659,6.0286,4.0405,22.094,-0.694723028940779,5.4076
14.719,8.4172,7.9802,17.939,-0.554656266042501,5.5764
18.815,8.8259,8.7573,13.326,-0.38752514724515,6.1888
20.4,5.7591,8.5959,34.043,-1.01280165752794,6.00213333333333
18.802,6.5441,7.8962,38.658,-1.18799955777271,5.82733333333333
13.319,4.5935,7.0953,28.891,-0.985189238531622,4.80346666666667
21.706,8.8957,8.1189,18.931,-0.538537068260615,6.4436
17.403,4.692,8.2569,29.37,-0.918027041540371,5.48253333333333
20.56,6.507,5.5566,28.254,-0.859245576469678,5.7544
21.101,8.5586,7.7686,35.426,-1.02560661314624,6.30186666666667
17.545,6.78,4.5798,29.598,-0.942670220877514,5.30413333333333
12.743,8.4452,8.9818,14.564,-0.455524682371353,5.45986666666667
17.476,8.0626,4.9643,37.09,-1.18732498681449,5.5
14.379,5.8462,8.3862,28.053,-0.897470650046964,5.2668
18.2,8.4567,8.4723,20.718,-0.611883978593935,6.0432
21.842,6.4261,7.0527,37.177,-1.10219755741089,6.0644
23.653,8.6134,3.7468,20.011,-0.584871502962178,6.14253333333333
21.744,8.606,7.0473,21.759,-0.627676495788457,6.29666666666667
23.941,4.2034,3.1137,15.43,-0.475886140200789,5.58986666666667
21.629,7.8204,5.0624,21.647,-0.643553414865263,5.9716
18.844,6.6641,7.1727,37.91,-1.17057678148201,5.75893333333333
22.693,8.2638,4.3094,13.47,-0.396187080591465,6.0572
13.169,8.7641,7.7253,11.989,-0.377218412019733,5.3948
19.55,5.8542,4.094,19.819,-0.624652557546237,5.37493333333333
17.095,8.7817,3.0885,38.463,-1.29335019570105,5.3088
18.789,7.4537,3.8673,31.866,-1.00132322631711,5.44973333333333
18.062,8.9181,5.4863,36.774,-1.13325537662089,5.73253333333333
22.187,6.5208,7.3199,35.57,-1.04457308537976,6.14253333333333
17.745,8.6584,7.5538,36.119,-1.08841337638925,5.90653333333333
18.173,3.4341,5.9892,39.241,-1.38936336797594,5.136
18.093,4.9612,8.7485,21.557,-0.660344477918283,5.65333333333333
20.846,4.3899,8.1649,37.541,-1.14544081732603,5.84146666666667
15.886,8.7949,6.9156,34.103,-1.05705303578173,5.6284
20.314,6.5056,4.6467,34.105,-1.05697123268746,5.6128
19.392,3.1354,5.776,39.085,-1.35068590851564,5.2248
15.833,8.9102,7.2643,26.392,-0.808763535674612,5.67706666666667
21.859,5.1084,8.0049,39.793,-1.19564400173732,6.02186666666667
21.629,8.1086,5.9081,31.542,-0.928945618978305,6.09813333333333
13.462,6.609,8.7827,26.929,-0.858835488718424,5.2932
14.72,6.8238,4.5212,19.451,-0.33708768882664,4.93733333333333
14.202,8.8728,7.3363,19.579,-0.610983253183179,5.48453333333333
22.32,7.2296,7.4744,26.489,-0.767626299857085,6.25146666666667
12.137,8.9875,4.1856,35.176,-1.28453358820686,4.83746666666667
16.001,5.4223,8.4091,39.576,-1.32407904419016,5.4132
19.194,8.5507,4.8596,32.099,-0.977488684969289,5.74626666666667
22.666,4.6556,6.6146,19.138,-0.571175155999171,5.9016
19.967,8.2789,3.4397,38.395,-1.20829797422308,5.63706666666667
16.853,8.2789,4.858,38.95,-1.28478490595778,5.43213333333333
12.744,8.2504,6.8556,38.188,-1.34109682903004,5.16546666666667
18.93,8.8803,7.6578,38.101,-1.13073493687166,6.07626666666667
14.844,8.661,8.2669,12.42,-0.380511275854741,5.64693333333333
17.507,5.474,6.1536,39.092,-1.31949952394261,5.32626666666667
22.871,5.0387,6.9255,35.217,-1.04767082350383,6.004
16.498,8.6287,8.5179,19.463,-0.584386174499371,5.86653333333333
13.671,6.843,8.3359,23.108,-0.735685506370696,5.29013333333333
21.035,8.6986,3.5202,31.493,-0.951476121116805,5.82066666666667
19.071,7.8497,8.9606,24.301,-0.712566276993943,6.12173333333333
19.829,5.5281,8.8246,31.428,-0.939780420702553,5.92786666666667
12.774,7.7294,7.8073,38.898,-1.35994840205802,5.222
23.988,4.1362,6.5448,11.271,-0.332741819070292,5.98373333333333
18.494,7.8782,8.9683,27.556,-0.813548380122694,6.06
16.64,3.0216,3.3709,25.683,-0.89650971159964,4.52706666666667
22.773,3.4495,6.5074,32.63,-0.992602867191188,5.75853333333333
15.293,8.7294,7.1977,32.922,-1.02338529535105,5.57906666666667
17.276,7.4117,4.7769,39.671,-1.33690707080291,5.36506666666667
22.255,7.2943,7.4823,33.003,-0.958158246813786,6.2492
22.334,8.119,7.2713,13.215,-0.378883467267222,6.32573333333333
20.94,7.1508,5.1848,39.108,-1.20005252899101,5.82173333333333
14.439,7.9765,4.4738,37.74,-1.34801756273554,5.03946666666667
19.07,7.2191,6.9621,39.232,-1.20783073531111,5.81786666666667
18.777,7.2632,3.7915,27.641,-0.868836407243225,5.4088
22.693,6.342,7.4576,26.842,-0.78182650945959,6.18786666666667
17.613,8.998,6.4137,37.979,-1.16796898482067,5.79093333333333
13.178,5.0435,8.9077,32.558,-1.08998283155961,5.06946666666667
22.611,4.4859,6.5272,17.257,-0.516481129026262,5.86066666666667
17.134,7.3211,5.3231,37.311,-1.21661820105775,5.40146666666667
13.009,8.6309,8.049,23.602,-0.74459251636599,5.39013333333333
23.838,4.2525,4.157,24.138,-0.736752018764075,5.69866666666667
19.998,8.8204,8.0389,38.411,-1.12160443333533,6.2272
21.367,7.4513,5.1231,29.072,-0.871415966899824,5.89626666666667
20.006,6.0651,4.3346,16.428,-0.511470363022376,5.47706666666667
21.265,6.2705,5.9941,16.257,-0.487609198182622,5.8484
23.619,3.176,5.9889,22.818,-0.68968607892481,5.76106666666667
13.031,5.9588,7.1912,35.5,-1.26301845667336,4.94533333333333
22.02,8.6254,8.0922,34.555,-0.987225977071236,6.43266666666667
21.746,7.8126,5.1597,27.885,-0.828534671161902,5.98466666666667
12.314,8.3702,8.3681,32.804,-1.06022397265944,5.3096
21.858,8.0561,6.2099,24.665,-0.721360116896059,6.1436
21.426,4.4813,5.788,18.386,-0.562909174951736,5.63106666666667
15.33,7.7976,5.7295,36.087,-1.19249833489791,5.2844
21.896,5.3621,6.3256,32.371,-0.974677601237632,5.85266666666667
23.59,3.1443,8.9157,35.451,-1.04567848070508,6.08933333333333
22.216,7.3668,3.2751,19.645,-0.594209295572925,5.76786666666667
21.701,7.4397,6.2157,17.764,-0.522698300056063,6.056
21.158,3.6155,6.2722,38.727,-1.24107314540333,5.55213333333333
19.922,4.2341,6.1829,35.885,-1.14231776682844,5.46613333333333
12.413,6.2855,7.7399,37.048,-1.34041933434246,4.97586666666667
22.327,6.516,7.0403,27.043,-0.792864595813776,6.11426666666667
22.287,7.5791,7.1179,20.799,-0.602085582399945,6.2372
16.069,8.7496,8.9646,28.174,-0.846987490233494,5.87426666666667
16.749,8.9444,8.961,18.163,-0.539199582330017,5.97453333333333
17.863,6.5915,3.5526,36.312,-1.22126073244493,5.17546666666667
12.558,3.0545,6.983,25.223,-0.888275165457222,4.4584
22.128,8.2455,5.817,24.231,-0.708160140937172,6.14746666666667
21.89,8.1565,5.8423,39.963,-1.18304714057049,6.11346666666667
22.776,8.7455,7.8597,16.671,-0.470847441814718,6.49813333333333
23.297,3.815,3.1276,23.631,-0.74002663362805,5.45186666666667
13.994,3.1396,8.3596,28.172,-0.949238654240898,4.85013333333333
20.252,6.1431,4.7711,31.066,-0.962918754826469,5.56346666666667
17.691,6.3461,3.4495,37.839,-1.31695438594574,5.10786666666667
13.154,8.8047,7.9966,19.499,-0.612425563925838,5.41613333333333
17.144,3.1747,3.5312,16.422,-0.559153663771809,4.62906666666667
18.401,8.4327,6.1455,37.476,-1.14913830809398,5.77773333333333
22.036,7.5295,6.9519,32.193,-0.939457512034289,6.18226666666667
22.345,6.8158,6.9119,19.87,-0.580284717662838,6.1324
13.169,8.7176,8.1331,22.959,-0.721243063687528,5.4232
15.902,8.9706,8.358,14.514,-0.437311542686311,5.80666666666667
12.547,8.7314,8.1154,28.843,-0.915689482492115,5.34573333333333
19.131,8.1305,4.2227,38.971,-1.23759510431457,5.59933333333333
19.663,3.1019,4.5454,24.164,-0.783270287292515,5.08293333333333
19.329,5.5922,3.239,33.547,-1.09654407276417,5.19053333333333
21.619,7.5311,5.9151,31.788,-0.942033623652097,6.0164
17.101,8.9629,8.649,19.248,-0.571082597266898,5.97613333333333
22.855,8.9239,5.98,18.699,-0.536992975597576,6.31733333333333
19.287,5.3772,3.8821,10.667,-0.339650890591239,5.23853333333333
21.38,7.2128,5.5707,35.37,-1.06083541661323,5.91266666666667
16.332,7.8447,7.7032,37.386,-1.17120750387406,5.6452
16.994,3.97,4.5524,31.45,-1.07589458135863,4.8488
18.026,7.6257,8.2106,38.789,-1.18152358573877,5.87733333333333
22.345,8.4823,7.4846,31.692,-0.908410548093282,6.37693333333333
16.333,6.2901,8.6746,34.075,-1.06139925742966,5.57466666666667
17.893,6.2629,3.3509,32.399,-1.06463265111032,5.10613333333333
22.336,7.8438,4.4878,19.307,-0.57253484548505,5.96946666666667
23.103,7.419,7.3939,11.919,-0.340767599445687,6.33333333333333
23.185,8.2062,8.3318,30.568,-0.863893125959154,6.52893333333333
23.597,7.2735,8.4338,39.183,-1.1151035441096,6.48346666666667
20.955,6.6573,3.9875,12.95,-0.397019582219902,5.60973333333333
16.433,8.8148,5.1634,38.557,-1.25525426049764,5.46613333333333
22.278,8.0644,6.5314,19.004,-0.550619737101622,6.2164
14.399,5.3172,6.8894,34.79,-1.20488382105853,4.98786666666667
22.7,3.8767,5.9576,33.457,-1.02106795104958,5.71893333333333
22.102,6.3318,6.531,19.798,-0.584940947409859,6.0004
13.733,5.0633,8.1968,32.993,-1.11101075209258,5.03693333333333
22.374,8.942,8.1759,39.422,-1.12024750656705,6.50106666666667
15.306,6.3471,6.6976,36.277,-1.21655277553764,5.20906666666667
13.284,8.713,8.9195,29.644,-0.923111875602189,5.52453333333333
22.015,6.7611,6.4392,19.436,-0.572768284989849,6.02746666666667
15.11,8.3025,7.4494,37.058,-1.18399899806118,5.51733333333333
17.091,6.1672,8.3256,39.734,-1.27305905056256,5.60386666666667
18.871,5.2048,3.0406,24.852,-0.809773210389455,5.05013333333333
20.381,5.3243,5.2182,28.745,-0.892076643290348,5.52333333333333
12.484,8.6886,7.6104,36.528,-1.22579467878062,5.25986666666667
15.611,7.9662,5.5704,38.225,-1.28222169077111,5.3052
22.889,7.5401,7.5232,30.628,-0.880399832764085,6.33013333333333
17.583,6.1728,3.5829,35.504,-1.2052001810314,5.07733333333333
22.343,7.5924,3.8562,23.346,-0.699557827191695,5.8612
15.074,4.035,8.4994,39.044,-1.38759111561419,5.11133333333333
17.028,5.1006,8.9325,39.032,-1.25921870360235,5.53773333333333
23.264,8.3678,4.29,22.534,-0.659850474184786,6.10306666666667
12.872,8.8442,7.2843,38.369,-1.30591352721855,5.2852
16.571,3.0104,3.177,10.128,-0.350571844477732,4.46613333333333
20.797,6.5111,3.9802,32.62,-1.01093895263737,5.564
13.82,5.6921,8.4819,36.992,-1.26904380297184,5.1584
18.674,5.4846,8.655,39.862,-1.2457241255837,5.74493333333333
22.855,8.4379,5.451,17.555,-0.509100555256827,6.194
16.745,7.4025,7.7249,39.029,-1.23646684425961,5.6332
22.343,6.7557,6.494,13.102,-0.383826366632482,6.06413333333333
22.802,8.7244,7.3242,26.366,-0.750694462559247,6.42413333333333
23.585,7.6773,7.5972,12.854,-0.36422161140439,6.4248
23.801,5.4349,7.2236,39.375,-1.15628201755645,6.16
20.366,5.896,4.8336,34.716,-1.08351901694736,5.53786666666667
15.941,8.7936,8.6977,35.611,-1.08148611393577,5.8144
23.189,8.5582,4.9399,39.21,-1.14771214850105,6.18466666666667
14.905,3.4653,8.2032,34.231,-1.18198828008152,4.9732
15.07,5.9352,7.7204,35.204,-1.15846908780742,5.246
14.997,6.1102,7.668,35.406,-1.16618098619936,5.2516
22.67,6.0793,6.5817,11.152,-0.327277169270118,6.0304
22.774,3.5435,5.9341,15.982,-0.485388012539083,5.67346666666667
22.997,7.3243,7.4897,39.503,-1.14201410397167,6.30706666666667
16.583,6.3734,7.0946,37.967,-1.23952308639283,5.40853333333333
21.36,6.7743,3.4165,37.288,-1.16731474001769,5.58986666666667
13.529,6.3922,7.3027,34.735,-1.18503423889556,5.05413333333333
23.521,5.4397,6.8682,29.466,-0.864415459431676,6.08466666666667
21.012,5.3477,5.5564,32.057,-0.984667474727693,5.6316
23.622,6.0326,7.2105,32.481,-0.943876485528769,6.20013333333333
22.866,6.7183,6.7285,11.034,-0.3205130499704,6.13786666666667
22.866,7.9236,7.3451,35.396,-1.01734727490782,6.33946666666667
12.307,6.791,6.4556,30.813,-1.05595825959252,4.8352
14.059,3.473,7.5622,29.935,-1.02826153919374,4.774
23.598,5.9974,6.9579,13.54,-0.392407308521684,6.16373333333333
19.449,4.4319,4.4596,14.352,-0.458114246772933,5.19266666666667
23.167,8.8113,8.0499,38.642,-1.09195511245337,6.54306666666667
23.681,8.9502,7.5141,11.539,-0.322930976376184,6.55533333333333
15.992,6.7037,7.6151,38.081,-1.23913033379798,5.43573333333333
23.043,4.4163,6.4566,18.082,-0.539429897145818,5.8632
12.92,8.988,5.2003,31.924,-1.06390921937236,5.03533333333333
21.989,3.7166,3.4083,39.317,-1.32584956722736,5.28813333333333
13.729,3.2709,4.8636,27.27,-0.992173102318544,4.32986666666667
22.653,7.7381,4.0339,33.826,-1.01037359136073,5.92146666666667
22.806,3.3582,6.5272,39.691,-1.23894642644152,5.71986666666667
23.628,7.9321,3.2544,11.927,-0.352138262547362,5.96586666666667
18.694,5.1008,8.5075,38.1,-1.18840666057301,5.6736
15.98,4.0449,7.402,38.202,-1.34586560179976,5.0752
12.417,6.728,7.6119,32.161,-1.08416215968507,4.9892
14.376,8.4175,8.6621,38.669,-1.2388055635474,5.57253333333333
22.622,5.2184,6.2368,22.669,-0.676228925872724,5.8796
23.41,8.1375,7.7471,29.827,-0.846194962066667,6.46133333333333
16.962,3.4827,3.1468,12.958,-0.443010048022304,4.56746666666667
19.698,7.8124,3.7323,39.941,-1.28449278496443,5.54533333333333
12.52,8.9879,8.6223,22.645,-0.710607726662377,5.41026666666667
22.246,7.6657,5.5497,36.503,-1.07971682811605,6.0356
23.783,6.2895,7.2648,18.442,-0.531113200420838,6.24533333333333
21.327,5.0628,5.5171,15.856,-0.484063375921439,5.62293333333333
23.186,8.1957,6.7473,10.784,-0.307648305569557,6.33226666666667
13.687,3.5037,7.9231,28.776,-0.979790157066594,4.77013333333333
17.057,6.6718,7.7346,39.235,-1.2548879473055,5.5692
15.633,6.3376,7.4635,37.587,-1.24354413687887,5.3224
20.836,3.5255,5.1249,28.615,-0.903347992328191,5.32866666666667
23.861,3.8456,3.2003,25.162,-0.782036188457677,5.50133333333333
16.008,7.201,7.6238,39.487,-1.28719871263786,5.49226666666667
13.827,6.7659,7.7709,34.929,-1.15960589814339,5.18706666666667
22.796,7.3328,6.9026,36.163,-1.05135771800094,6.20826666666667
14.299,7.573,6.3948,36.472,-1.23187066754538,5.17453333333333
20.392,5.2643,5.0383,37.629,-1.2014222789261,5.47386666666667
19.621,4.7712,4.4745,23.439,-0.744929563298366,5.24906666666667
14.695,6.0316,7.8407,36.672,-1.23091100461883,5.2116
20.74,6.223,3.5372,22.81,-0.710223482331627,5.44933333333333
23.012,8.2731,7.0715,37.295,-1.07054654862939,6.3524
20.607,6.0781,3.3066,15.363,-0.480467655826911,5.38693333333333
16.046,8.9299,8.1334,37.717,-1.16024884994822,5.75946666666667
23.751,8.6071,4.7899,24.146,-0.698532174859063,6.2188
22.822,8.0743,6.0491,22.394,-0.648938322786834,6.19613333333333
19.073,3.1126,4.2478,10.316,-0.33708768882664,4.93733333333333
19.978,4.7094,4.6947,20.324,-0.64088532882603,5.3104
21.205,6.5823,4.5965,27.684,-0.844159336232312,5.67293333333333
23.638,8.6829,5.1301,30.261,-0.874314459109795,6.2504
18.057,3.4882,3.7289,16.765,-0.55858098582412,4.78413333333333
23.203,5.5931,6.6147,34.974,-1.03338128240688,6.02093333333333
13.829,4.2303,3.037,38.423,-1.74610150005662,4.93706666666667
18.678,6.4922,3.0803,37.151,-1.25115886306115,5.16586666666667
23.78,8.2575,7.809,33.857,-0.956629590270367,6.50693333333333
23.64,7.9976,7.5578,31.249,-0.887657076996757,6.43653333333333
21.354,5.5044,5.4821,19.561,-0.594964208264727,5.66253333333333
21.638,4.5692,5.5756,29.727,-0.912698863920799,5.59613333333333
17.472,5.6852,3.7997,35.85,-1.23614271211424,4.9992
22.994,4.7613,6.2876,23.461,-0.70006330700457,5.86053333333333
16.399,4.5964,3.3766,32.845,-1.18029028989367,4.65866666666667
21.738,6.7833,4.8358,11.059,-0.331945426886705,5.7808
18.359,3.6818,3.8283,20.983,-0.694017604099188,4.85573333333333
14.946,7.3109,7.4996,38.367,-1.27218895542248,5.34733333333333
20.21,4.8619,4.7506,23.619,-0.741399510639462,5.35533333333333
21.552,4.8339,5.4359,17.13,-0.523498174708959,5.5956
23.033,7.5758,3.8089,15.325,-0.454976838801829,5.89813333333333
23.233,8.2253,6.2874,25.679,-0.738839809063422,6.27053333333333
23.491,8.1887,6.9112,24.98,-0.712566343998174,6.3612
22.842,7.4453,6.0357,17.753,-0.516954787771177,6.1092
22.619,6.8551,6.3192,39.619,-1.17344893079021,6.04866666666667
23.924,8.6876,7.3816,27.998,-0.788733478968152,6.50973333333333
23.39,7.5678,3.0836,37.293,-1.12448035408516,5.84853333333333
23.556,8.1398,4.517,29.522,-0.863448159136863,6.09493333333333
18.902,3.0978,4.0772,15.946,-0.524408611701292,4.8712
21.233,6.3236,4.0315,16.145,-0.495313361007702,5.55826666666667
21.294,6.0756,5.0359,29.836,-0.910222867552807,5.65466666666667
22.385,4.2528,5.8526,30.816,-0.93851250473151,5.6632
23.793,8.4356,5.4563,17.329,-0.497655113894812,6.25386666666667
23.862,8.8221,6.4612,34.082,-0.969679272715084,6.41186666666667
23.855,7.919,3.7391,23.33,-0.685898994693376,6.01013333333333
22.512,7.1269,3.6441,34.399,-1.04165688357485,5.75373333333333
23.731,6.8195,6.7643,11.436,-0.328728883417332,6.21093333333333
23.849,6.8893,7.0403,21.967,-0.630697283134165,6.26186666666667
12.982,7.2955,6.7335,37.819,-1.35531873261842,4.98506666666667
22.481,6.4228,5.8496,12.341,-0.365021195599515,5.9208
23.135,6.6341,6.5486,29.841,-0.871549115925215,6.09706666666667
12.669,8.4887,5.6865,34.404,-1.18408281971759,4.9616
15.704,7.0617,8.4897,38.842,-1.2475077804422,5.50986666666667
22.01,6.8506,4.709,27.122,-0.815644726644834,5.78253333333333
23.249,7.7278,6.3243,39.786,-1.15722859083777,6.20493333333333
23.864,7.825,6.7902,15.984,-0.455095590883274,6.33266666666667
23.887,6.0895,6.643,11.161,-0.322949428800286,6.126
21.969,6.6187,4.7762,20.308,-0.610955029123036,5.75026666666667
21.855,6.4133,4.9827,24.604,-0.741932349346209,5.7352
23.354,7.4519,3.6133,28.881,-0.860457222308713,5.86986666666667
19.508,4.9891,3.4763,22.474,-0.722708323140587,5.09306666666667
23.857,7.943,4.1194,38.153,-1.12513874996736,6.03746666666667
22.902,6.9331,5.7583,17.429,-0.511240972472381,5.99986666666667
12.299,7.3566,8.0757,39.291,-1.40898956323168,5.05973333333333
22.8,6.4823,6.0211,39.814,-1.18793530384519,5.96426666666667
16.306,7.5348,4.5299,26.394,-0.999754854673606,5.95853333333333
21.883,4.9974,5.3766,29.811,-0.910233415387505,5.60773333333333
23.906,8.0031,5.5154,13.364,-0.384217136740311,6.19773333333333
23.405,6.2333,6.3629,25.113,-0.73458155484597,6.03826666666667
21.793,6.4267,3.7151,26.376,-0.807806639444532,5.56786666666667
22.513,4.6331,5.628,24.057,-0.728092426746128,5.6664
23.793,4.3063,6.3146,36.233,-1.08454963507337,5.85666666666667
23.093,5.4657,6.0919,39.816,-1.19938355975627,5.88293333333333
23.793,6.9573,6.4618,17.044,-0.491397019407546,6.17093333333333
23.133,7.1318,5.844,29.996,-0.878237408133518,6.0472
20.652,4.3048,4.6643,31.269,-0.989129870465297,5.2844
21.244,5.9566,3.6415,12.462,-0.385286454717026,5.43306666666667
18.876,4.4546,3.2727,31.16,-1.03760004492474,4.90253333333333
22.163,4.9955,5.4354,23.553,-0.714408885867307,5.64093333333333
22.377,4.5342,5.5057,21.753,-0.660569027452374,5.61933333333333
23.286,7.4811,4.9805,25.067,-0.735740059645282,6.00306666666667
22.712,5.2668,5.7627,32.273,-0.969756212989222,5.77186666666667
23.897,5.7882,6.4231,25.795,-0.753471269939636,6.0412
23.556,7.3365,3.5925,19.724,-0.585549059454923,5.85626666666667
23.813,7.6861,4.467,19.708,-0.576119787182418,6.02093333333333
22.723,6.8437,3.7096,16.717,-0.502690391404536,5.71266666666667
22.248,6.5251,4.667,37.73,-1.14813627408965,5.73013333333333
23.26,6.7473,5.9769,36.355,-1.06883083038464,6.02106666666667
19.202,4.5348,3.3686,27.878,-0.910622202477796,4.956
23.781,5.6269,6.2772,37.548,-1.10886810755665,5.98266666666667
23.299,4.356,5.932,33.461,-1.00780498649802,5.74226666666667
22.762,6.7451,4.8496,14.158,-0.420432901708013,5.83026666666667
22.419,6.5947,3.5272,31.843,-0.970667693719671,5.6176
12.003,7.7361,7.1221,34.857,-1.20895836426367,4.918
23.061,6.8914,5.2624,24.66,-0.727669815251557,5.92346666666667
22.711,4.1384,5.5865,35.531,-1.09034310779255,5.6
23.103,6.7848,5.4132,35.832,-1.06114517855268,5.92906666666667
21.564,5.6509,4.5227,17.932,-0.549042690877099,5.51426666666667
23.504,7.16,3.6426,29.407,-0.877125438329707,5.812
23.292,6.8948,3.2417,32.532,-0.981563370034535,5.70906666666667
12.992,7.7084,8.1725,39.205,-1.35246624382644,5.15693333333333
23.257,6.8264,3.2214,34.437,-1.04242982003344,5.68973333333333
23.624,6.6515,5.8321,24.833,-0.725633082865934,6.00746666666667
23.492,6.616,5.5771,20.904,-0.612898216811513,5.95453333333333
21.083,4.8688,4.4975,39.443,-1.28405508340613,5.3396
23.057,6.6301,4.8981,35.37,-1.05555509232261,5.8244
20.532,4.0615,4.1839,38.343,-1.28776933101448,5.11266666666667
23.47,6.7501,3.5825,39.902,-1.2175963660117,5.70946666666667
21.241,5.3355,3.6506,38.729,-1.25735265953498,5.28026666666667
12.124,3.0868,3.4304,36.327,-1.80460967258815,4.70626666666667
16.123,8.5596,8.4977,12.609,-1.0305625960558,4.90373333333333
